Labeler,Precision_Mean,Precision_Std,Recall_Mean,Recall_Std,F1_Mean,F1_Std,Precision,Recall,F1
GPT-5,0.6831932773109243,0.03436827539598721,0.7585858585858586,0.04825281176766139,0.7168419685755096,0.014453677641428114,0.683±0.034,0.759±0.048,0.717±0.014
Grok-4,0.5192020027546344,0.010394471236885758,0.9141414141414143,0.06348386409079057,0.6617816274367736,0.023237922087467708,0.519±0.010,0.914±0.063,0.662±0.023
Claude-4,0.7285373608903022,0.018030677618781785,0.7303030303030303,0.09398825708648985,0.7270904166426554,0.055623853904874586,0.729±0.018,0.730±0.094,0.727±0.056
